href,price,title
/qd/629249df96def001x.htm#fr_page=list&fr_pos=city&fr_no=0,8.79,大众 途观 2015款 1.8TSI 自动两驱风尚版
/su/a784fb09752f9bc3x.htm#fr_page=list&fr_pos=city&fr_no=1,4.60,大众 迈腾 2010款 1.4TSI 精英型
/tj/60b49d07699dc454x.htm#fr_page=list&fr_pos=city&fr_no=2,6.80,雪佛兰 科鲁兹 2016款 1.4T DCG豪华版
/wh/92d3dc196f1c1ed5x.htm#fr_page=list&fr_pos=city&fr_no=3,5.80,福特 福克斯 2012款 三厢 1.6L 自动风尚型
/hf/3422c44ffef55004x.htm#fr_page=list&fr_pos=city&fr_no=4,1.28,长城C30 2012款 1.5L 手动舒适型
/cd/8b5db7967f49377dx.htm#fr_page=list&fr_pos=city&fr_no=5,4.20,大众POLO 2011款 1.4L 自动致酷版
/weifang/6d3df2d04df0f42bx.htm#fr_page=list&fr_pos=city&fr_no=6,4.20,大众 宝来 2012款 1.6L 自动时尚型
/hrb/64a67d11b23ba27dx.htm#fr_page=list&fr_pos=city&fr_no=7,6.88,丰田 YARiS L 致炫 2016款 改款 1.5E CVT魅动版
/cd/1a876689237fe258x.htm#fr_page=list&fr_pos=city&fr_no=8,3.50,MG3 2013款 1.5L AMT精英版
/bj/4c91ba8a4e1a576dx.htm#fr_page=list&fr_pos=city&fr_no=9,5.50,别克 英朗 2013款 XT 1.6T 自动时尚运动版
/linyi/cb1138e6c62f340ax.htm#fr_page=list&fr_pos=city&fr_no=10,1.37,雪佛兰 赛欧 2010款 三厢 1.2L 手动时尚版
/nmg/e32b159a6d6ac4eex.htm#fr_page=list&fr_pos=city&fr_no=11,3.80,铃木 天语 SX4 2011款 改款 1.6L 自动运动型
/nj/8405cb6837ab0880x.htm#fr_page=list&fr_pos=city&fr_no=12,5.10,雪铁龙C5 2010款 2.3L 自动尊贵型
/tj/6d8eb0ec17240eb9x.htm#fr_page=list&fr_pos=city&fr_no=13,7.50,丰田 威驰 2017款 1.5L CVT创行版
/wh/4f1255fceae51a9bx.htm#fr_page=list&fr_pos=city&fr_no=14,9.30,福特 蒙迪欧 2013款 2.0L GTDi240豪华运动型
/cs/6a73bc2b7846d8f4x.htm#fr_page=list&fr_pos=city&fr_no=15,11.78,别克 昂科威 2016款 20T 两驱领先型
/qd/23f77cea06d23dd7x.htm#fr_page=list&fr_pos=city&fr_no=16,10.88,福特 蒙迪欧 2013款 2.0L GTDi200时尚型
/sy/901b18107039ae75x.htm#fr_page=list&fr_pos=city&fr_no=17,5.98,别克 君越 2010款 2.4L雅致版
/luoyang/df6cb52addad1265x.htm#fr_page=list&fr_pos=city&fr_no=18,2.80,福特 嘉年华 2013款 两厢 1.5L 手动时尚型
/su/6f281ef6fb5ec3fdx.htm#fr_page=list&fr_pos=city&fr_no=19,14.80,英菲尼迪Q50 2014款 2.0T 舒适版(进口)
/wh/34f5a0c14d8c201ax.htm#fr_page=list&fr_pos=city&fr_no=20,2.48,雪佛兰 赛欧 2013款 三厢 1.2L 手动时尚幸福版
/ty/bc3fbe55d875c477x.htm#fr_page=list&fr_pos=city&fr_no=21,4.50,吉利 远景 2017款 1.5L 自动幸福版
/dl/aaef0162023880ebx.htm#fr_page=list&fr_pos=city&fr_no=22,24.98,奔驰C级 2015款 C 200 L 4MATIC 运动版
/cq/a5a0e890205f4ea7x.htm#fr_page=list&fr_pos=city&fr_no=23,9.20,长安CS55 2019款 1.5T 自动炫色型 国VI
/jn/efae3ed2080f9789x.htm#fr_page=list&fr_pos=city&fr_no=24,14.80,大众 帕萨特 2016款 330TSI DSG御尊版
/nmg/7551d341af7c43b5x.htm#fr_page=list&fr_pos=city&fr_no=25,6.30,雪佛兰 创酷 2017款 1.4T 自动两驱舒适型
/dl/90dc0e4664b717dex.htm#fr_page=list&fr_pos=city&fr_no=26,12.50,Jeep 自由光 2016款 2.0L 优越版
/cq/d4967f47824c42e6x.htm#fr_page=list&fr_pos=city&fr_no=27,4.20,长安CS15 2016款 1.5L 自动豪华版
/wx/69d920f5e2b4b136x.htm#fr_page=list&fr_pos=city&fr_no=28,11.98,别克 昂科威 2016款 20T 两驱精英型
/gz/0498fb88f9cd5d6ex.htm#fr_page=list&fr_pos=city&fr_no=29,13.18,奥迪A3 2016款 Sportback 35 TFSI 风尚型
/suqian/bafa5a114754fe8dx.htm#fr_page=list&fr_pos=city&fr_no=30,2.99,大众 宝来 2011款 1.6L 手动舒适型
/cd/2e087218731d899ex.htm#fr_page=list&fr_pos=city&fr_no=31,6.35,福特 福克斯 2017款 三厢 EcoBoost 125 自动超能风尚型智行版
/sh/313a37ea42e0cc98x.htm#fr_page=list&fr_pos=city&fr_no=32,15.49,别克GL8 2014款 2.4L LT豪华商务行政版
/nmg/94a952fe411ef6d7x.htm#fr_page=list&fr_pos=city&fr_no=33,8.80,丰田 凯美瑞 2012款 骏瑞 2.0S 耀动版
/fz/29dd8a99036f469dx.htm#fr_page=list&fr_pos=city&fr_no=34,21.88,奔驰GLA级 2019款 GLA 200 时尚型
/yangzhou/53dc8a698d5a5260x.htm#fr_page=list&fr_pos=city&fr_no=35,6.58,起亚KX CROSS 2018款 1.6L 自动灵动天窗版
/hf/96690060189d8081x.htm#fr_page=list&fr_pos=city&fr_no=36,3.28,MG3 2013款 1.5L AMT精英版
/qd/d19f7ecc0c1d4c85x.htm#fr_page=list&fr_pos=city&fr_no=37,14.80,沃尔沃S60L 2016款 T5 智驭版
/sjz/85adcb357ab7d90ex.htm#fr_page=list&fr_pos=city&fr_no=38,20.60,奔驰GLA级 2017款 GLA 200 时尚型
/dezhou/3369189e025249c9x.htm#fr_page=list&fr_pos=city&fr_no=39,3.68,雪佛兰 2015款 赛欧3 1.5L 手动理想天窗版
/wh/626f3c69a90c5c6ex.htm#fr_page=list&fr_pos=city&fr_no=0,5.60,标致3008 2013款 1.6THP 自动至尚版
/jn/9076d984e6c5f320x.htm#fr_page=list&fr_pos=city&fr_no=1,5.30,奔腾X40 2017款 1.6L 自动尊享型
/weifang/e48c0c4536ede531x.htm#fr_page=list&fr_pos=city&fr_no=2,24.00,丰田 皇冠 2015款 2.0T 时尚版
/zz/6d380dd4d9056b6fx.htm#fr_page=list&fr_pos=city&fr_no=3,23.80,福特 锐界 2020款 EcoBoost 245 四驱ST-Line 7座
/wh/3e959ea3aa6de6adx.htm#fr_page=list&fr_pos=city&fr_no=4,5.28,起亚K3 2015款 1.6L 自动DLX
/xinxiang/c8706c947adef5f4x.htm#fr_page=list&fr_pos=city&fr_no=5,4.18,大众POLO 2013款 1.6L 手动舒适版
/dl/07b72c1af099203bx.htm#fr_page=list&fr_pos=city&fr_no=6,8.80,雪佛兰 迈锐宝 2017款 1.5T 自动豪华版
/jn/1412f7d6811f36d0x.htm#fr_page=list&fr_pos=city&fr_no=7,36.80,宝马X3 2018款 xDrive28i 豪华套装 国VI
/foshan/cd57b2ab43a7ff26x.htm#fr_page=list&fr_pos=city&fr_no=8,18.98,奥迪A4L 2016款 35 TFSI 典藏版 S line舒适型
/linyi/b6f88c0c93610b45x.htm#fr_page=list&fr_pos=city&fr_no=9,8.50,现代 领动 2016款 1.6L 自动智炫·精英型
/cq/6bc52fea130f1581x.htm#fr_page=list&fr_pos=city&fr_no=10,12.88,大众 高尔夫 2018款 280TSI 自动R-Line型
/tj/d8319a08e58f16d9x.htm#fr_page=list&fr_pos=city&fr_no=11,40.80,奔驰GLC级 2020款 GLC 260 L 4MATIC 动感型
/nb/ef8dd08daf599fc8x.htm#fr_page=list&fr_pos=city&fr_no=12,8.58,现代 名图 2016款 1.8L 自动智能型GLS
/cq/ceeee53899346deex.htm#fr_page=list&fr_pos=city&fr_no=13,20.58,奥迪Q2L 2020款 35 TFSI 进取动感型
/hrb/cb1a166efc30a9a2x.htm#fr_page=list&fr_pos=city&fr_no=14,23.80,大众 探岳 2019款 380TSI 四驱旗舰型 国V
/zz/8fb87349aaa28416x.htm#fr_page=list&fr_pos=city&fr_no=15,4.88,福迪 揽福 2016款 2.4L 汽油两驱精英版 7座
/yangzhou/7b1715c01e97c182x.htm#fr_page=list&fr_pos=city&fr_no=16,15.50,林肯MKZ 2014款 2.0T 尊雅版
/weifang/89e1f9850a49f9d8x.htm#fr_page=list&fr_pos=city&fr_no=17,14.90,丰田 汉兰达 2012款 2.7L 两驱5座精英版
/hrb/51afd37867bb3ec7x.htm#fr_page=list&fr_pos=city&fr_no=18,15.28,大众 帕萨特 2017款 330TSI DSG尊荣版
/weifang/ecf00c418bd87d5ax.htm#fr_page=list&fr_pos=city&fr_no=19,26.50,林肯 冒险家 2020款 2.0T 四驱尊雅版
/cd/71bc4b3e490fd9dfx.htm#fr_page=list&fr_pos=city&fr_no=20,12.50,本田 思域 2019款 220TURBO 手动劲控版 国VI
/nmg/696fbca3847d3859x.htm#fr_page=list&fr_pos=city&fr_no=21,10.80,雪佛兰 迈锐宝XL 2018款 530T 自动锐驰版
/hrb/4b8158e811442c00x.htm#fr_page=list&fr_pos=city&fr_no=22,21.80,MINI Clubman 2016款 改款 1.5T COOPER 鉴赏家版
/zz/bddefae2bd86a2c8x.htm#fr_page=list&fr_pos=city&fr_no=23,4.00,别克 凯越 2013款 1.5L 自动经典型
/zz/4570bf814e38aee8x.htm#fr_page=list&fr_pos=city&fr_no=24,6.50,起亚K3 2016款 1.6L 自动GLS
/dl/e463db97b026096bx.htm#fr_page=list&fr_pos=city&fr_no=25,12.80,大众 迈腾 2016款 1.8TSI 智享舒适型
/xinxiang/a3ad65a93976c1ecx.htm#fr_page=list&fr_pos=city&fr_no=26,19.98,路虎 发现神行 2016款 2.0T HSE
/langfang/ec7f129eaf2fee07x.htm#fr_page=list&fr_pos=city&fr_no=27,7.28,本田 飞度 2016款 1.5L EX CVT精英型
/hf/b4d4ea6fc4350c87x.htm#fr_page=list&fr_pos=city&fr_no=28,9.50,大众 朗逸 2019款 1.5L 自动风尚版 国VI
/sjz/ef70730a1585e824x.htm#fr_page=list&fr_pos=city&fr_no=29,20.70,奔驰GLK级 2014款 GLK 200 标准型
/zz/8b8c1de17a7fe8a1x.htm#fr_page=list&fr_pos=city&fr_no=30,85.80,宝马X5 2019款 xDrive40i 尊享型 M运动套装(进口)
/dl/bc76a24c0e57940ax.htm#fr_page=list&fr_pos=city&fr_no=31,33.98,宝马X6 2012款 xDrive35i(进口)
/nc/a68c2a2fd13bab58x.htm#fr_page=list&fr_pos=city&fr_no=32,28.80,宝马X3 2016款 xDrive20i M运动型(进口)
/cc/d4a4e64ceec5e8c5x.htm#fr_page=list&fr_pos=city&fr_no=33,16.28,大众CC 2016款 1.8TSI 尊贵型
/jilin/4f38c5a8d4cc2588x.htm#fr_page=list&fr_pos=city&fr_no=34,3.90,奔腾X80 2013款 2.0L 手动豪华型
/sjz/55d599068650e3d8x.htm#fr_page=list&fr_pos=city&fr_no=35,28.88,宝马3系 2019款 320Li M运动曜夜版
/hrb/ee7e12e87879e072x.htm#fr_page=list&fr_pos=city&fr_no=36,32.90,奥迪A6L 2017款 45 TFSI quattro 运动型
/weifang/bd6d6c5e682205d3x.htm#fr_page=list&fr_pos=city&fr_no=37,44.30,宝马5系 2020款 530Li 领先型 M运动套装
/cc/ccdbaae02b51040ex.htm#fr_page=list&fr_pos=city&fr_no=38,41.80,奥迪A6L 2020款 45 TFSI quattro 臻选动感型
/qd/c9d98b83eab0ed19x.htm#fr_page=list&fr_pos=city&fr_no=39,16.60,路虎 揽胜极光 2012款 2.0T 5门耀动版(进口)
/cc/ccdbaae02b51040ex.htm#fr_page=list&fr_pos=city&fr_no=0,41.80,奥迪A6L 2020款 45 TFSI quattro 臻选动感型
/qd/c9d98b83eab0ed19x.htm#fr_page=list&fr_pos=city&fr_no=1,16.60,路虎 揽胜极光 2012款 2.0T 5门耀动版(进口)
/dl/a16d99a8a7581e86x.htm#fr_page=list&fr_pos=city&fr_no=2,12.90,本田 雅阁 2015款 2.0L LX 舒适版
/handan/d2c8aa96a2930ff7x.htm#fr_page=list&fr_pos=city&fr_no=3,5.20,大众POLO 2013款 1.4L 自动舒适版
/nmg/4d946d93de5d7c91x.htm#fr_page=list&fr_pos=city&fr_no=4,3.38,哈弗H1 2016款 红标 1.5L 手动舒适型
/xinyang/326957258c20220ex.htm#fr_page=list&fr_pos=city&fr_no=5,9.60,新宝骏RC-6 2019款 1.5T CVT 24小时在线旗舰型
/xinyang/7f9875f9e71d5badx.htm#fr_page=list&fr_pos=city&fr_no=6,7.59,东风风行 景逸X5 2019款 X5L 1.5T CVT豪华型
/wx/2d59365041dc8eacx.htm#fr_page=list&fr_pos=city&fr_no=7,12.80,福特 蒙迪欧 2017款 EcoBoost 180 时尚型
/nc/214c144eddd144cfx.htm#fr_page=list&fr_pos=city&fr_no=8,75.28,保时捷Panamera 2016款 Panamera Edition 3.0T
/cq/3ee5c19a88693633x.htm#fr_page=list&fr_pos=city&fr_no=9,14.38,奥迪A3 2019款 Sportback 35 TFSI 进取型 国V
/xinxiang/3297b172bbf11d98x.htm#fr_page=list&fr_pos=city&fr_no=10,4.30,现代 瑞纳 2010款 三厢 1.4L 自动舒适型GS
/wh/cf6099d5296c71d8x.htm#fr_page=list&fr_pos=city&fr_no=11,27.90,奔驰GLB 2020款 GLB 200 时尚型
/cs/564de6360282ae37x.htm#fr_page=list&fr_pos=city&fr_no=12,8.98,长安CS55 PLUS 2020款 1.5T 自动炫色型
/su/02079a767682d284x.htm#fr_page=list&fr_pos=city&fr_no=13,5.80,大众POLO 2016款 1.4L 自动风尚型
/cq/4ced329a5e02c864x.htm#fr_page=list&fr_pos=city&fr_no=14,40.68,奔驰GLC级 2021款 GLC 260 L 4MATIC 豪华型
/cs/a76520fe21ebf7d6x.htm#fr_page=list&fr_pos=city&fr_no=15,10.18,MG 名爵HS 2018款 30T 自动两驱Trophy荷尔蒙燃情版 国V
/cd/3957569230ae0e4fx.htm#fr_page=list&fr_pos=city&fr_no=16,10.68,沃尔沃V40 2013款 2.0T 智雅版(进口)
/dl/c124114c75dd9b86x.htm#fr_page=list&fr_pos=city&fr_no=17,4.78,现代 悦纳 2016款 1.4L 手动青春版GS
/cd/eda1c8b398868c23x.htm#fr_page=list&fr_pos=city&fr_no=18,7.60,比亚迪 宋MAX 2019款 1.5T 自动智联睿动型 6座 国VI
/wh/2befce9cad9a0686x.htm#fr_page=list&fr_pos=city&fr_no=19,4.85,吉利 帝豪 2017款 三厢百万款 1.5L CVT豪华型
/su/476af3f3c97f7ba6x.htm#fr_page=list&fr_pos=city&fr_no=20,12.80,标致4008 2019款 350THP 尝先版
/ty/b1c9447a44ba4122x.htm#fr_page=list&fr_pos=city&fr_no=21,4.50,比亚迪 元 2016款 1.5L 手动尊贵型
/luoyang/02cbad3a0179a4efx.htm#fr_page=list&fr_pos=city&fr_no=22,29.98,奥迪A4L 2020款 40 TFSI 豪华致雅型
/wx/fd6e84d37825faadx.htm#fr_page=list&fr_pos=city&fr_no=23,21.60,凯迪拉克XTS 2018款 28T 技术型
/weifang/da4a6ab9d02612d8x.htm#fr_page=list&fr_pos=city&fr_no=24,28.00,斯巴鲁 傲虎 2020款 2.5i 运动导航版 EyeSight
/huizhou/4895147ef3a3ea31x.htm#fr_page=list&fr_pos=city&fr_no=25,6.88,日产 轩逸 2012款 经典 1.6XE 自动舒适版
/dezhou/d96353667881d103x.htm#fr_page=list&fr_pos=city&fr_no=26,6.90,上汽大通 大通T60 2017款 2.4L汽油手动两驱高底盘精英型小双排
/fz/8a9e7890814db95ex.htm#fr_page=list&fr_pos=city&fr_no=27,26.00,福特 野马 2017款 2.3T 自动（平行进口）
/cd/9ac45ad321f3d54fx.htm#fr_page=list&fr_pos=city&fr_no=28,8.68,别克 君威 2014款 2.0L 精英时尚型
/gz/7b751c0060369310x.htm#fr_page=list&fr_pos=city&fr_no=29,28.30,大众 途昂 2017款 380TSI 四驱豪华版
/cq/45156de8dcc2fa80x.htm#fr_page=list&fr_pos=city&fr_no=30,5.30,起亚 焕驰 2017款 1.4L 自动智享版Value
/gz/92328d29341ec72ax.htm#fr_page=list&fr_pos=city&fr_no=31,9.80,上汽大通 大通G10 2018款 PLUS 2.0T 自动智享版
/cd/ca6068109427e643x.htm#fr_page=list&fr_pos=city&fr_no=32,26.00,沃尔沃S90 2019款 T4 智逸版
/langfang/2286acef1bb64450x.htm#fr_page=list&fr_pos=city&fr_no=33,26.60,本田 冠道 2017款 370TURBO 四驱尊享版
/jining/40c7a8f4e2a9e77fx.htm#fr_page=list&fr_pos=city&fr_no=34,7.98,日产 轩逸 2016款 1.6XL CVT豪华版
/handan/b5a2f7ea046f7a42x.htm#fr_page=list&fr_pos=city&fr_no=35,8.50,本田 飞度 2018款 1.5L CVT舒适天窗版
/langfang/572cdba33b8a76a2x.htm#fr_page=list&fr_pos=city&fr_no=36,6.80,大众 速腾 2014款 改款 1.6L 自动舒适型
/gy/573b6f210fb1b85dx.htm#fr_page=list&fr_pos=city&fr_no=37,14.00,马自达CX-5 2017款 2.0L 自动两驱智尚型 国V
/jn/20090cb6e9a5849bx.htm#fr_page=list&fr_pos=city&fr_no=38,7.20,现代 朗动 2016款 1.6L 自动智能型
/qd/69b97a0592f5a582x.htm#fr_page=list&fr_pos=city&fr_no=39,17.20,大众 帕萨特 2019款 330TSI 精英版 国VI
/dl/c12719ec4ebd835cx.htm#fr_page=list&fr_pos=city&fr_no=0,35.50,丰田 普拉多 2014款 2.7L 自动 （平行进口）
/zz/180758cb8523d30cx.htm#fr_page=list&fr_pos=city&fr_no=1,14.39,马自达CX-30 2020款 2.0L 自动领悦型
/cq/6354185973849aeax.htm#fr_page=list&fr_pos=city&fr_no=2,39.20,宝马3系 2020款 330Li xDrive M运动曜夜套装
/yibin/01d2d10a62a4b8d5x.htm#fr_page=list&fr_pos=city&fr_no=3,12.80,本田 思域 2016款 220TURBO CVT豪华版
/hrb/8e899b50a7f60300x.htm#fr_page=list&fr_pos=city&fr_no=4,22.50,本田 冠道 2019款 240TURBO 两驱尊享版
/wh/457bd8908a7f44e5x.htm#fr_page=list&fr_pos=city&fr_no=5,13.79,标致5008 2017款 380THP 7座精英版
/xinxiang/1650d82730c0f6a0x.htm#fr_page=list&fr_pos=city&fr_no=6,10.98,福特 福克斯 2021款 两厢 EcoBoost 180 自动锋潮型
/qd/8f8cbd1ed97c1696x.htm#fr_page=list&fr_pos=city&fr_no=7,32.80,奥迪A8L 2013款 A8L 45 TFSI quattro舒适型(进口)
/km/b90a9d6b9974386fx.htm#fr_page=list&fr_pos=city&fr_no=8,12.98,三菱 欧蓝德 2018款 2.0L 两驱荣耀版 5座
/sjz/d95ab3de4306eb78x.htm#fr_page=list&fr_pos=city&fr_no=9,16.68,奥迪A3 2019款 Limousine 35 TFSI 时尚型 国V
/dg/08df0d3964e1c46bx.htm#fr_page=list&fr_pos=city&fr_no=10,8.09,大众 朗逸 2013款 改款经典 1.6L 自动风尚版
/ty/9f2b38b03f08609ax.htm#fr_page=list&fr_pos=city&fr_no=11,4.99,日产 逍客 2011款 2.0XL 火 CVT 2WD
/yancheng/3ce4fba6ce2776ccx.htm#fr_page=list&fr_pos=city&fr_no=12,4.98,Smart smart fortwo 2012款 1.0 MHD 硬顶舒适版
/dl/f2f0f6c4c49f107ex.htm#fr_page=list&fr_pos=city&fr_no=13,9.38,日产 轩逸 2019款 1.6XE CVT舒适版 国VI
/cq/37d1dc7bd18c27d6x.htm#fr_page=list&fr_pos=city&fr_no=14,11.50,WEY VV7 2017款 2.0T 旗舰型
/dl/2cead728ce12cf29x.htm#fr_page=list&fr_pos=city&fr_no=15,38.00,奔驰E级 2019款 E 200 L 4MATIC
/su/6cf33032d0a2f602x.htm#fr_page=list&fr_pos=city&fr_no=16,3.48,荣威550 2012款 550S 1.8L 自动启臻版
/wh/c67e4c08baedd12bx.htm#fr_page=list&fr_pos=city&fr_no=17,8.98,上汽大通 大通T60 2017款 2.0T汽油自动两驱高底盘精英型小双排
/hf/01af4b25694e5f0bx.htm#fr_page=list&fr_pos=city&fr_no=18,18.88,领克05 2020款 2.0TD 四驱劲Halo
/nn/4794d7f744702cafx.htm#fr_page=list&fr_pos=city&fr_no=19,6.58,大众 高尔夫 2012款 1.4TSI 自动舒适型
/baoding/b7e09a14b7af64a8x.htm#fr_page=list&fr_pos=city&fr_no=20,17.98,大众CC 2018款 1.8TSI 豪华型
/cd/69218af96d75f9afx.htm#fr_page=list&fr_pos=city&fr_no=21,24.50,路虎 发现神行 2017款 2.0T HSE
/qd/77278e8c51d41580x.htm#fr_page=list&fr_pos=city&fr_no=22,19.58,沃尔沃XC60 2016款 T5 AWD 智驭版
/qd/38c8b1fab22f7d64x.htm#fr_page=list&fr_pos=city&fr_no=23,11.88,标致4008 2017款 350THP 精英版
/tj/188ec4a76364e131x.htm#fr_page=list&fr_pos=city&fr_no=24,37.80,奔驰GLC级 2019款 GLC 260 L 4MATIC 动感型
/nmg/484e8e096f8de252x.htm#fr_page=list&fr_pos=city&fr_no=25,10.58,大众 高尔夫 2016款 230TSI 自动舒适型
/cc/adf3209d8efe4df2x.htm#fr_page=list&fr_pos=city&fr_no=26,14.60,奥迪A4L 2013款 35 TFSI 自动标准型
/baotou/b6f3d1b2648f4ac6x.htm#fr_page=list&fr_pos=city&fr_no=27,3.90,大众 捷达 2013款 1.4L 手动舒适型
/km/be4488d850ad6c14x.htm#fr_page=list&fr_pos=city&fr_no=28,20.60,宝马3系 2017款 318Li 时尚型
/huizhou/1bb65bea451cd75dx.htm#fr_page=list&fr_pos=city&fr_no=29,9.68,比亚迪 宋Pro 2019款 1.5T 自动豪华型
/cc/c9a3ee2962bc7c24x.htm#fr_page=list&fr_pos=city&fr_no=30,32.80,奔驰R级 2014款 R 320 4MATIC 豪华型(进口)
/hrb/e5fac8abd727cbc1x.htm#fr_page=list&fr_pos=city&fr_no=31,22.98,奥迪Q5 2015款 40 TFSI 进取型
/jining/7f60f4f1bbe4264ex.htm#fr_page=list&fr_pos=city&fr_no=32,7.58,哈弗M6 2019款 1.5T DCT两驱超值版 国VI
/xinxiang/6c1caf8eceb2fed3x.htm#fr_page=list&fr_pos=city&fr_no=33,11.30,现代 途胜 2015款 1.6T 双离合两驱智能型
/sjz/b487798fbc91a1bfx.htm#fr_page=list&fr_pos=city&fr_no=34,8.60,荣威RX5 2018款 20T 两驱自动互联网智惠版
/zz/3a927664bc9187f1x.htm#fr_page=list&fr_pos=city&fr_no=35,9.80,大众 高尔夫 2017款 230TSI 自动舒适百万辆纪念版
/luoyang/a2b7b33d94ed33b2x.htm#fr_page=list&fr_pos=city&fr_no=36,4.20,丰田 花冠 2010款 1.6L 自动经典版
/huizhou/ff9a83228872baf7x.htm#fr_page=list&fr_pos=city&fr_no=37,41.38,雷克萨斯RX 2016款 300 两驱舒适版 国V
/km/026ab306e767bbe0x.htm#fr_page=list&fr_pos=city&fr_no=38,19.60,捷豹XE 2017款 2.0T 200PS R-Sport
/cd/0f9dd68f099ac143x.htm#fr_page=list&fr_pos=city&fr_no=39,12.89,MINI 2014款 1.2T ONE+
/bj/8a4eabed30a083e9x.htm#fr_page=list&fr_pos=city&fr_no=0,24.80,沃尔沃XC40 2020款 T4 四驱智远豪华版
/qd/b6cd81d9ef8f0382x.htm#fr_page=list&fr_pos=city&fr_no=1,17.80,斯巴鲁 森林人 2016款 2.0XT 尊贵导航版
/cc/66520ca625e2e962x.htm#fr_page=list&fr_pos=city&fr_no=2,17.80,马自达 阿特兹 2020款 2.5L 蓝天尊崇版
/baoding/673d7e8c6076f45dx.htm#fr_page=list&fr_pos=city&fr_no=3,17.28,大众 迈腾 2017款 330TSI DSG 豪华型
/tj/b2245d223b1033a3x.htm#fr_page=list&fr_pos=city&fr_no=4,14.80,三菱 欧蓝德 2019款 2.0L 两驱畅享版 5座 国VI
/zz/f4a76e2e8f7c1e5dx.htm#fr_page=list&fr_pos=city&fr_no=5,13.80,红旗H5 2019款 30TD 智联韵动版
/nj/f2d0bdd2f608b866x.htm#fr_page=list&fr_pos=city&fr_no=6,13.90,日产 天籁 2016款 2.0L XL舒适版
/baotou/648e18b1d102663ex.htm#fr_page=list&fr_pos=city&fr_no=7,6.90,日产 轩逸 2014款 1.6XV CVT尊享版
/bj/e9655a267bc6fa50x.htm#fr_page=list&fr_pos=city&fr_no=8,19.50,宝马3系 2015款 320Li 时尚型
/hrb/ec258a455d77d7afx.htm#fr_page=list&fr_pos=city&fr_no=9,11.20,丰田 凯美瑞 2012款 骏瑞 2.0S 耀动版
/cc/a220fb61866e65e9x.htm#fr_page=list&fr_pos=city&fr_no=10,41.48,奔驰E级 2019款 E 200 L 运动型 4MATIC
/cq/5b42621e04220153x.htm#fr_page=list&fr_pos=city&fr_no=11,8.98,荣威RX5 2020款 20T 自动Ali智联网超越旗舰版
/nmg/23f0e2f27e4fe478x.htm#fr_page=list&fr_pos=city&fr_no=12,9.00,马自达 昂克赛拉 2016款 三厢 1.5L 手动豪华型
/ty/2fc542b51f6d8223x.htm#fr_page=list&fr_pos=city&fr_no=13,7.80,观致5 2017款 1.6T 自动领先型
/tangshan/8001fcbd62e5095bx.htm#fr_page=list&fr_pos=city&fr_no=14,19.20,大众 迈腾 2019款 330TSI DSG 豪华型 国VI
/tangshan/76ca036baa4ef8bdx.htm#fr_page=list&fr_pos=city&fr_no=15,19.80,奥迪Q3 2018款 30 TFSI 时尚型典藏版
/ty/5cb1ad331d981767x.htm#fr_page=list&fr_pos=city&fr_no=16,11.88,大众 帕萨特 2014款 1.8TSI DSG 30周年纪念版
/qd/460a9030a94b2a51x.htm#fr_page=list&fr_pos=city&fr_no=17,19.28,别克GL8 2017款 25S 豪华型 国V
/km/837aeba23e3f4374x.htm#fr_page=list&fr_pos=city&fr_no=18,3.30,雪佛兰 2018款 赛欧3 1.5L 手动理想天窗版
/cc/dc736fec8f31ebdcx.htm#fr_page=list&fr_pos=city&fr_no=19,23.60,宝马3系 2017款 320Li M运动型
/cc/5fb582facfddb6bdx.htm#fr_page=list&fr_pos=city&fr_no=20,69.70,保时捷Cayenne 2015款 Cayenne 3.0T
/huizhou/953252df2ec0dbe1x.htm#fr_page=list&fr_pos=city&fr_no=21,16.88,丰田 RAV4 2019款 2.0L CVT两驱风尚版 国VI
/tangshan/05a965204f454afdx.htm#fr_page=list&fr_pos=city&fr_no=22,23.80,凯迪拉克XT4 2018款 28T 四驱领先型
/ty/2162ef7be03c040ax.htm#fr_page=list&fr_pos=city&fr_no=23,24.58,路虎 揽胜极光 2018款 240PS SE 智耀版
/xinxiang/c158938d44ca3dedx.htm#fr_page=list&fr_pos=city&fr_no=24,4.60,宝骏510 2017款 1.5L 自动豪华型
/cc/96c36751e1db8759x.htm#fr_page=list&fr_pos=city&fr_no=25,36.50,别克GL8 2018款 ES 28T 旗舰型 国VI
/qd/324728159b50ffd4x.htm#fr_page=list&fr_pos=city&fr_no=26,7.38,现代 名图 2014款 1.8L 自动智能型GLS
/zz/e7e5c9475c0239d8x.htm#fr_page=list&fr_pos=city&fr_no=27,9.79,路虎 神行者2 2010款 3.2 i6 自动SE汽油版(进口)
/handan/c67d604635a26a72x.htm#fr_page=list&fr_pos=city&fr_no=28,17.50,大众 迈腾 2018款 改款 330TSI DSG 豪华型
/sjz/4c1368a7c4d53ceex.htm#fr_page=list&fr_pos=city&fr_no=29,22.00,宝马3系 2017款 320Li 时尚型
/su/c22b31c7ac537279x.htm#fr_page=list&fr_pos=city&fr_no=30,9.30,Smart smart fortwo 2015款 1.0L 52千瓦硬顶激情版
/tangshan/84341c115960bc26x.htm#fr_page=list&fr_pos=city&fr_no=31,43.90,奔驰E级 2019款 改款 E 300 L 时尚型
/foshan/d066263ee0e31f71x.htm#fr_page=list&fr_pos=city&fr_no=32,21.98,奥迪A5 2014款 Coupe 45 TFSI(进口)
/tangshan/bd6059ada8815ec8x.htm#fr_page=list&fr_pos=city&fr_no=33,38.30,奥迪A6L 2019款 45 TFSI 臻选动感型
/jilin/9f1ea821ad202b30x.htm#fr_page=list&fr_pos=city&fr_no=34,5.80,丰田 花冠 2013款 1.6L 自动卓越版
/weifang/a99b22c012fca006x.htm#fr_page=list&fr_pos=city&fr_no=35,20.20,宝马2系 2018款 220i 运动设计套装(进口)
/cc/9b7367d9c67d3118x.htm#fr_page=list&fr_pos=city&fr_no=36,76.80,奔驰S级 2014款 S 500 L(进口)
/weifang/9fa01dbc7ba834a8x.htm#fr_page=list&fr_pos=city&fr_no=37,37.28,奔驰E级 2019款 E 260 L 运动型 4MATIC
/nj/35f2ef8408f3a00bx.htm#fr_page=list&fr_pos=city&fr_no=38,11.98,大众 高尔夫·嘉旅 2018款 2周年纪念版 230TSI 自动进取型
/su/637b2cf6fa96f751x.htm#fr_page=list&fr_pos=city&fr_no=39,5.88,别克 英朗 2016款 15N 自动精英型
